INSERT INTO users_coffee (fullname, email, password, phone, address, profile_img) VALUES
('Hilmy', 'hilmy@mail.com', 'hashed123', '0811111111', 'Jakarta', 'hilmy.jpg'),
('Haidar', 'haidar@mail.com', 'hashed123', '0811111112', 'Bandung', 'haidar.jpg'),
('Dani', 'dani@mail.com', 'hashed123', '0811111113', 'Surabaya', 'dani.jpg'),
('Rizky', 'rizky@mail.com', 'hashed123', '0811111114', 'Bogor', 'rizky.jpg'),
('Fajar', 'fajar@mail.com', 'hashed123', '0811111115', 'Depok', 'fajar.jpg'),
('Rama', 'rama@mail.com', 'hashed123', '0811111116', 'Bekasi', 'rama.jpg'),
('Adit', 'adit@mail.com', 'hashed123', '0811111117', 'Tangerang', 'adit.jpg'),
('Bima', 'bima@mail.com', 'hashed123', '0811111118', 'Malang', 'bima.jpg'),
('Farhan', 'farhan@mail.com', 'hashed123', '0811111119', 'Yogyakarta', 'farhan.jpg'),
('Ilham', 'ilham@mail.com', 'hashed123', '0811111120', 'Semarang', 'ilham.jpg');

INSERT INTO products (name_product, description, base_price, stock) VALUES

('Americano', 
'Americano adalah minuman kopi klasik yang dibuat dari espresso yang ditambahkan air panas. Rasanya lebih ringan dibanding espresso namun tetap memiliki aroma kopi yang kuat dan karakter pahit yang khas. Cocok untuk penikmat kopi murni tanpa tambahan susu.', 
18000, 100),

('Cappuccino', 
'Cappuccino merupakan perpaduan sempurna antara espresso, steamed milk, dan milk foam tebal di atasnya. Teksturnya creamy dengan rasa kopi yang seimbang serta sentuhan lembut dari susu, menjadikannya favorit di berbagai kalangan.', 
22000, 100),

('Latte', 
'Latte adalah minuman kopi berbasis espresso dengan dominasi susu steamed yang lembut dan sedikit foam di bagian atas. Rasanya lebih creamy dan ringan, sangat cocok untuk kamu yang ingin menikmati kopi dengan rasa yang tidak terlalu strong.', 
24000, 100),

('Mocha', 
'Mocha menggabungkan cita rasa espresso, cokelat premium, dan susu steamed yang creamy. Perpaduan manis dan pahitnya sangat seimbang, memberikan sensasi hangat dan nyaman di setiap tegukan.', 
26000, 100),

('Caramel Latte', 
'Caramel Latte adalah varian latte dengan tambahan sirup karamel yang manis dan aromatik. Kombinasi espresso, susu lembut, dan rasa karamel menciptakan pengalaman minum kopi yang lebih kaya dan indulgent.', 
27000, 100),

('Vanilla Latte', 
'Vanilla Latte memadukan espresso dengan susu hangat dan sirup vanilla berkualitas. Aromanya harum dan rasanya lembut dengan sentuhan manis yang elegan, cocok dinikmati kapan saja.', 
25000, 100),

('Hazelnut Latte', 
'Hazelnut Latte menawarkan rasa kacang hazelnut yang khas berpadu dengan espresso dan susu creamy. Memberikan rasa gurih-manis yang unik dan berbeda dari latte biasa.', 
25500, 100),

('Matcha Latte', 
'Matcha Latte dibuat dari bubuk matcha pilihan yang dikombinasikan dengan susu segar. Rasanya lembut, sedikit earthy, dan menyegarkan, cocok untuk kamu yang ingin alternatif non-coffee.', 
23000, 100),

('Thai Tea', 
'Thai Tea adalah minuman teh khas Thailand dengan warna oranye cerah dan rasa manis creamy. Perpaduan teh hitam dan susu menghasilkan rasa kuat namun tetap lembut di lidah.', 
20000, 100),

('Chocolate', 
'Chocolate drink dibuat dari bubuk cokelat premium yang dicampur dengan susu hangat. Rasanya manis, creamy, dan cocok untuk semua usia sebagai minuman penenang.', 
21000, 100),

('Espresso', 
'Espresso adalah ekstrak kopi murni dengan rasa pekat dan aroma kuat. Disajikan dalam shot kecil namun memiliki intensitas rasa yang tinggi dan kaya akan karakter kopi.', 
15000, 100),

('Affogato', 
'Affogato adalah kombinasi unik antara espresso panas yang dituangkan di atas es krim vanilla. Perpaduan panas dan dingin menciptakan sensasi rasa yang kontras dan menyenangkan.', 
28000, 100),

('Cold Brew', 
'Cold Brew dibuat dengan metode perendaman kopi dalam air dingin selama berjam-jam. Rasanya lebih smooth, rendah keasaman, dan sangat menyegarkan saat disajikan dingin.', 
26000, 100),

('Macchiato', 
'Macchiato adalah espresso yang diberi sedikit foam susu di atasnya. Rasanya tetap kuat namun memiliki sentuhan lembut dari susu.', 
23000, 100),

('Flat White', 
'Flat White berasal dari Australia dengan tekstur susu yang lebih halus dibanding cappuccino. Rasanya seimbang antara espresso dan susu tanpa foam tebal.', 
24000, 100),

('Green Tea', 
'Green Tea adalah minuman teh hijau yang memiliki rasa ringan dan aroma menyegarkan. Cocok untuk dinikmati dalam keadaan panas maupun dingin.', 
19000, 100),

('Lemon Tea', 
'Lemon Tea memadukan teh hitam dengan perasan lemon segar. Rasanya asam-manis menyegarkan dan cocok sebagai pelepas dahaga.', 
18000, 100),

('Milk Tea', 
'Milk Tea adalah kombinasi teh hitam dengan susu yang menghasilkan rasa creamy dan sedikit manis. Minuman ini sangat populer di berbagai kalangan.', 
20000, 100),

('Taro Latte', 
'Taro Latte memiliki warna ungu khas dengan rasa manis dan creamy. Dibuat dari ekstrak talas pilihan yang lembut dan unik.', 
22000, 100),

('Red Velvet', 
'Red Velvet drink terinspirasi dari kue red velvet dengan rasa cokelat lembut dan sedikit creamy. Memberikan sensasi manis yang khas.', 
23000, 100),

('Cookies Cream', 
'Cookies Cream adalah minuman susu dengan campuran remahan cookies cokelat. Rasanya manis, creamy, dan sangat disukai anak muda.', 
25000, 100),

('Strawberry Milk', 
'Strawberry Milk memadukan susu segar dengan sirup strawberry yang manis dan segar. Cocok untuk minuman ringan sehari-hari.', 
21000, 100),

('Mango Smoothie', 
'Mango Smoothie dibuat dari buah mangga asli yang diblender dengan es dan sedikit susu. Rasanya segar dan tropis.', 
26000, 100),

('Avocado Juice', 
'Avocado Juice adalah jus alpukat creamy yang kaya nutrisi. Teksturnya lembut dan mengenyangkan.', 
24000, 100),

('Banana Milk', 
'Banana Milk adalah minuman susu dengan campuran pisang segar yang manis alami dan lembut.', 
20000, 100),

('Lychee Tea', 
'Lychee Tea menggabungkan teh dengan rasa buah leci yang manis dan harum. Sangat menyegarkan saat disajikan dingin.', 
22000, 100),

('Peach Tea', 
'Peach Tea memiliki aroma buah persik yang lembut dengan rasa manis dan sedikit asam.', 
22000, 100),

('Blueberry Smoothie', 
'Blueberry Smoothie dibuat dari buah blueberry segar dengan rasa manis-asam yang khas dan menyegarkan.', 
27000, 100),

('Pandan Latte', 
'Pandan Latte memadukan aroma pandan khas Indonesia dengan susu creamy, menciptakan rasa unik dan tradisional.', 
23000, 100),

('Kopi Susu', 
'Kopi Susu adalah perpaduan kopi hitam dengan susu dan gula yang menghasilkan rasa klasik khas Indonesia.', 
18000, 100),

('Kopi Gula Aren', 
'Kopi Gula Aren menggabungkan espresso dengan gula aren asli yang memberikan rasa manis karamel alami.', 
21000, 100),

('Kopi Hitam', 
'Kopi Hitam adalah seduhan kopi murni tanpa tambahan gula atau susu. Cocok untuk penikmat kopi sejati.', 
15000, 100),

('Irish Coffee', 
'Irish Coffee adalah kopi dengan sentuhan rasa khas ala barat yang kaya dan aromatik.', 
30000, 100),

('Butterscotch Latte', 
'Butterscotch Latte menawarkan rasa manis karamel mentega yang unik berpadu dengan espresso.', 
26000, 100),

('Choco Banana', 
'Choco Banana adalah minuman cokelat dengan sentuhan rasa pisang yang lembut dan manis.', 
24000, 100),

('Choco Mint', 
'Choco Mint memadukan cokelat dengan sensasi segar daun mint yang menyegarkan.', 
25000, 100),

('Matcha Oreo', 
'Matcha Oreo menggabungkan bubuk matcha dengan remahan oreo yang manis dan creamy.', 
27000, 100),

('Dark Chocolate', 
'Dark Chocolate memiliki rasa cokelat pekat dengan sedikit pahit khas cokelat hitam premium.', 
26000, 100),

('White Coffee', 
'White Coffee adalah kopi dengan rasa lebih ringan dan warna lebih terang, cocok untuk penikmat kopi mild.', 
19000, 100),

('Coconut Latte', 
'Coconut Latte memadukan espresso dengan aroma kelapa yang lembut dan eksotis.', 
24000, 100),

('Salted Caramel', 
'Salted Caramel adalah minuman manis dengan sentuhan asin ringan yang meningkatkan cita rasa karamel.', 
26000, 100),

('Brown Sugar Milk', 
'Brown Sugar Milk adalah minuman susu dengan sirup gula merah yang manis dan legit.', 
23000, 100),

('Black Tea', 
'Black Tea adalah teh hitam klasik dengan aroma kuat dan rasa yang menyegarkan.', 
17000, 100),

('Herbal Tea', 
'Herbal Tea terbuat dari campuran daun herbal pilihan yang menenangkan dan menyehatkan.', 
20000, 100),

('Sparkling Lemon', 
'Sparkling Lemon adalah minuman soda dengan rasa lemon segar dan sensasi berkarbonasi.', 
22000, 100),

('Sparkling Lychee', 
'Sparkling Lychee adalah minuman soda dengan rasa leci yang manis dan segar.', 
23000, 100),

('Sparkling Mango', 
'Sparkling Mango adalah minuman soda dengan rasa mangga tropis yang menyegarkan.', 
24000, 100),

('Mineral Water', 
'Mineral Water adalah air mineral murni yang menyegarkan dan cocok diminum kapan saja.', 
10000, 100),

('Orange Juice', 
'Orange Juice dibuat dari perasan jeruk segar yang kaya vitamin C dan menyegarkan.', 
20000, 100),

('Apple Juice', 
'Apple Juice adalah jus apel segar dengan rasa manis alami dan menyegarkan.', 
20000, 100);

INSERT INTO product_variants (product_id, variant_name, add_price)
SELECT id, 'Hot', 0 FROM products;

INSERT INTO product_variants (product_id, variant_name, add_price)
SELECT id, 'Ice', 2000 FROM products;

INSERT INTO product_sizes (product_id, size_name, add_price)
SELECT id, 'Regular', 0 FROM products;

INSERT INTO product_sizes (product_id, size_name, add_price)
SELECT id, 'Medium', 3000 FROM products;

INSERT INTO product_sizes (product_id, size_name, add_price)
SELECT id, 'Large', 5000 FROM products;

INSERT INTO product_images (product_id, path) VALUES
(1,'americano.jpg'),
(2,'cappuccino.jpg'),
(3,'latte.jpg'),
(4,'mocha.jpg'),
(5,'caramel.jpg'),
(6,'vanilla.jpg'),
(7,'hazelnut.jpg'),
(8,'matcha.jpg'),
(9,'thaitea.jpg'),
(10,'chocolate.jpg');

INSERT INTO product_discounts 
(product_id, is_flashsale, discount_rate, description, start_date, end_date)
VALUES
(1, true, 10, 'Flashsale 10%', NOW(), NOW() + INTERVAL '7 days'),
(2, false, 5, 'Promo 5%', NOW(), NOW() + INTERVAL '10 days'),
(3, true, 15, 'Flashsale 15%', NOW(), NOW() + INTERVAL '5 days'),
(4, false, 8, 'Promo 8%', NOW(), NOW() + INTERVAL '14 days'),
(5, true, 20, 'Flashsale 20%', NOW(), NOW() + INTERVAL '3 days'),
(6, false, 5, 'Promo 5%', NOW(), NOW() + INTERVAL '10 days'),
(7, true, 12, 'Flashsale 12%', NOW(), NOW() + INTERVAL '6 days'),
(8, false, 7, 'Promo 7%', NOW(), NOW() + INTERVAL '9 days'),
(9, true, 18, 'Flashsale 18%', NOW(), NOW() + INTERVAL '4 days'),
(10, false, 10, 'Promo 10%', NOW(), NOW() + INTERVAL '7 days');

INSERT INTO carts (user_id, total_price) VALUES
(1, 50000),(2, 75000),(3, 30000),(4, 45000),(5, 60000),
(6, 55000),(7, 20000),(8, 90000),(9, 120000),(10, 40000);

INSERT INTO cart_items 
(cart_id, product_id, variant_id, size_id, quantity, price)
VALUES
(1,1,1,1,2,18000),
(2,2,3,4,1,22000),
(3,3,5,7,1,24000),
(4,4,7,10,2,26000),
(5,5,9,13,1,27000),
(6,6,11,16,2,25000),
(7,7,13,19,1,25500),
(8,8,15,22,3,23000),
(9,9,17,25,2,20000),
(10,10,19,28,1,21000);

INSERT INTO transactions
(user_id, transaction_code, delivery_method, fullname, email, address,
 subtotal, delivery_fee, tax, total, status, payment_method)
VALUES
(1,'TRX001','Delivery','Hilmy','hilmy@mail.com','Jakarta',50000,10000,5000,65000,'PAID','QRIS'),
(2,'TRX002','Pickup','Haidar','haidar@mail.com','Bandung',75000,0,7500,82500,'PAID','Transfer'),
(3,'TRX003','Delivery','Dani','dani@mail.com','Surabaya',30000,10000,3000,43000,'PROCESS','COD'),
(4,'TRX004','Delivery','Rizky','rizky@mail.com','Bogor',45000,10000,4500,59500,'PAID','QRIS'),
(5,'TRX005','Pickup','Fajar','fajar@mail.com','Depok',60000,0,6000,66000,'PAID','Transfer'),
(6,'TRX006','Delivery','Rama','rama@mail.com','Bekasi',55000,10000,5500,70500,'PROCESS','COD'),
(7,'TRX007','Pickup','Adit','adit@mail.com','Tangerang',20000,0,2000,22000,'PAID','QRIS'),
(8,'TRX008','Delivery','Bima','bima@mail.com','Malang',90000,10000,9000,109000,'PAID','Transfer'),
(9,'TRX009','Delivery','Farhan','farhan@mail.com','Yogyakarta',120000,10000,12000,142000,'PROCESS','COD'),
(10,'TRX010','Pickup','Ilham','ilham@mail.com','Semarang',40000,0,4000,44000,'PAID','QRIS');

INSERT INTO transaction_items
(transaction_id, product_id, variant_id, size_id, quantity, price)
VALUES
(1,1,1,1,2,18000),
(2,2,3,4,1,22000),
(3,3,5,7,1,24000),
(4,4,7,10,2,26000),
(5,5,9,13,1,27000),
(6,6,11,16,2,25000),
(7,7,13,19,1,25500),
(8,8,15,22,3,23000),
(9,9,17,25,2,20000),
(10,10,19,28,1,21000);

